recruiter_id,recruiter_name,email,region
1,Kyle Smith,matthew68@taylor.org,APAC
2,Max Hart,vwilliams@buchanan.com,LATAM
3,Joel King,margaret26@alvarez.com,LATAM
4,Jeremy Waller,dhunt@skinner-york.com,EMEA
5,Catherine Johnson,mark54@west-richardson.org,LATAM
6,Jennifer Kelly,robinsonchristine@watson.org,NA
7,Robert Hanna,allenjennifer@wright.net,EMEA
8,Carla Valencia,lbartlett@taylor.info,APAC
9,Kelly Gomez,patrick71@carroll.org,EMEA
10,Matthew Ruiz,marciagarcia@arnold.biz,NA
11,Chad Powell,martinezlynn@gamble.org,NA
12,Katie Jennings,xho@wilson.com,EMEA
13,Lisa Neal,cassandra14@weaver.com,EMEA
14,Daniel Cruz,debrasmith@robertson.com,EMEA
15,John Brown,lholmes@hicks.biz,APAC
16,Amanda Glover,lyonskimberly@miranda-griffith.com,EMEA
17,Kenneth Smith,tristan83@todd.biz,EMEA
18,Samantha Kelley,wardtaylor@moss.com,NA
19,Amy Coleman,andresmoore@ingram.net,EMEA
20,Joanna Tran,kleinrodney@boyd.net,LATAM
21,Gabrielle Jackson,zmccoy@wood.com,EMEA
22,Brooke Garrison,oliverwilliam@garcia.biz,EMEA
23,Daryl Carter DVM,jacksonjames@snyder.com,EMEA
24,Courtney Turner,jeremiah94@martinez.com,LATAM
25,Scott Ellis,kristophermoore@manning.net,LATAM
26,Paul Morris,asmith@myers-mcfarland.com,APAC
27,Jonathan Rogers,walsheugene@gray.com,EMEA
28,Elizabeth Walker,deannalewis@scott.com,APAC
29,David Zuniga,ccowan@mejia.biz,APAC
30,Cynthia Yoder,leetracey@duran.com,EMEA
31,Lori Adams,stephen74@martin-reynolds.com,NA
32,Jesse Yates MD,jerry53@ellis-james.biz,EMEA
33,Tom Maldonado,kevin39@blake.biz,EMEA
34,Mary Ramsey,riverachristopher@wilcox-perkins.info,NA
35,Henry Bruce IV,jimenezsteven@rogers.biz,LATAM
36,Bianca Gonzales,davidgarcia@hunt.com,APAC
37,Samuel Rios,ccoffey@brown.com,EMEA
38,Brian Moore,sydneybaker@taylor-jacobson.org,NA
39,Adrian Chavez,tmason@rollins.com,NA
40,Walter Kirby,jpalmer@brown-ramirez.biz,LATAM
41,Daniel Neal,frankryan@murphy-harrell.com,EMEA
42,Evan Johnson,ewall@stone-hernandez.com,NA
43,Amber Ward,kelseywolfe@kirby.com,LATAM
44,Jennifer Johnson,mccoyalexis@obrien.com,APAC
45,Stacey Crawford,gclements@miller.org,APAC
46,Joy Stevens,hannahyoung@miller.biz,LATAM
47,Aaron Brown DDS,tgarcia@mccarthy.info,LATAM
48,Henry Kim,ann96@brown-johnson.net,EMEA
49,Rachel Shaw,xwilliams@gonzales.com,EMEA
50,Gregory Forbes,estradajamie@robinson.com,APAC
51,Dennis Elliott,mccarthymichael@potter.com,EMEA
52,Christopher Fitzgerald,johnfrancis@zavala.net,LATAM
53,Thomas Skinner,suzanneprice@roman-erickson.com,NA
54,Robert Williams,walshjane@hammond-davis.biz,NA
55,Lacey Garcia,zvaughn@gibson.com,LATAM
56,Jessica Smith,shelley20@johnson.com,LATAM
57,Joshua Cummings,margaretwhite@williams.com,EMEA
58,Timothy Smith,ericadams@parker.com,NA
59,Melissa Park,gstevens@lopez-bailey.com,NA
60,Keith Johnson,acostasamantha@frederick.com,NA
61,Joshua Young,lrobinson@nunez.com,EMEA
62,Christine Donaldson,oscargarcia@williams.com,EMEA
63,Regina Cline,mackenziediaz@howell-hobbs.org,NA
64,Amanda Cooper,susan36@williams.com,EMEA
65,Justin Ayers,twilson@conley.com,NA
66,Kristen Thompson,vward@leon.info,LATAM
67,Nathan Richards,craig88@moore.com,EMEA
68,Stephen Lee,gutierrezbilly@everett-stuart.com,APAC
69,Logan Smith,butlernicholas@smith.org,APAC
70,Tracy Bailey,holly67@johnston.com,APAC
71,Robert Clark,tonya76@cline.com,NA
72,Daniel Lee,kevin31@norton.info,APAC
73,Beverly Sanchez,bradley00@tucker-price.com,NA
74,Ronald Ross,amckinney@johnson.biz,EMEA
75,Alexa Cochran,doris06@herrera.com,EMEA
76,Danielle Fields,benjaminfernandez@diaz.com,EMEA
77,Cynthia Henson,courtney06@hernandez.com,LATAM
78,Cynthia Shelton,michaelbutler@campbell.com,LATAM
79,Lauren Booth,matthewrogers@robles.com,EMEA
80,Rebecca Meza,alice27@wall.com,APAC
81,Jennifer Johnson,ogonzalez@holloway.com,NA
82,Megan Harrington,frankfrost@wheeler.info,EMEA
83,Todd Oneill,anthonyhoward@porter-cruz.biz,APAC
84,Sarah Nguyen,bryantjames@flynn.com,NA
85,Kimberly Harrison,daniel92@howard.org,NA
86,Randy Scott,loripierce@price.org,EMEA
87,Justin Martinez,blackwellkimberly@martin.biz,APAC
88,Karen Barnes,mark47@smith.com,EMEA
89,Kayla Roth,jeanettebecker@davis.org,EMEA
90,Gary Smith,fwilliams@joyce.biz,LATAM
91,Joseph Cardenas,aprilharris@clements-salas.com,LATAM
92,Elizabeth Gonzales,smiller@olson.com,EMEA
93,Daniel Dudley,ashley97@wells-ball.biz,EMEA
94,Connor Cunningham,marshjames@liu.info,LATAM
95,Michael Lewis,mark09@christian.com,NA
96,Christina David,pearsonlinda@hale-griffin.org,NA
97,Alex Montgomery,whitemolly@ward.com,APAC
98,Raymond Boone,kelseylopez@frederick.com,LATAM
99,Angela Roberts,hooperbrenda@mcintyre.info,LATAM
100,Jamie Porter,christophernelson@schwartz-graves.com,LATAM
101,Haley Bailey,lisawilliams@white.net,LATAM
102,Lorraine Lee,stephen98@carter.biz,APAC
103,Adam Martinez,skinnermarc@brooks.biz,LATAM
104,Adrian White,patriciaanderson@clark-crawford.com,APAC
105,Johnathan Rose,sbailey@heath.com,NA
106,Tonya Richards,gstevens@jones-miller.com,NA
107,Madison Fisher,guerraveronica@powell.net,NA
108,James Tucker,ireed@baker-pineda.com,EMEA
109,Jackie King,rodriguezraymond@adams.info,EMEA
110,Melinda Gilbert,josephjames@gibson-hudson.com,EMEA
111,Michael Miller,lindsey31@ford.net,NA
112,Robert Arellano,jillmeyer@ayers.biz,LATAM
113,Mr. John Garza,laurafischer@hill-gray.org,EMEA
114,Reginald Anderson,dennishernandez@abbott-kim.biz,NA
115,Matthew Bennett,okim@stewart.info,EMEA
116,Mario Fernandez,zbest@baird.com,EMEA
117,April Davis,austin24@jackson-gaines.biz,LATAM
118,Sergio Martinez,ggross@sanchez-larsen.com,LATAM
119,Robert Fowler,barbara76@bernard.com,APAC
120,Eric Booker,woodsgregory@roberts.com,EMEA
121,Sharon Phillips,iforbes@shepherd-watts.com,LATAM
122,Ashley Wang,williamswilliam@jarvis.com,NA
123,Rachel Thompson,newmandavid@lee.biz,LATAM
124,Melissa Reed,bethany18@robinson-hudson.info,EMEA
125,Charles Ramirez,tannerwilliams@cooper.info,EMEA
126,Matthew Phillips,chelsea59@reynolds-vega.info,LATAM
127,Jasmine Turner,omarreed@hall.com,LATAM
128,Melissa Hale,tmcgee@hebert.com,LATAM
129,Todd Stuart,gregoryvalerie@doyle.biz,NA
130,Stacy Johnson,hodgesdavid@payne.com,APAC
131,Bridget Garcia,jason32@perkins.com,EMEA
132,Julia Blackburn,lewisgabrielle@flores.org,LATAM
133,Jared Stevens,eroach@hall-cochran.com,LATAM
134,Donald Rivera,xhughes@white-brown.info,LATAM
135,Jackson Nguyen,devinreeves@jenkins-myers.com,LATAM
136,Nathan Dougherty,tylermartinez@roach.net,EMEA
137,Allison Brewer,zbennett@sanders.info,LATAM
138,Shannon Wright,aray@rodriguez-smith.biz,NA
139,Alison Douglas,anthony08@morris.com,NA
140,Brendan Ryan,palexander@stephens.org,EMEA
141,Rebecca Romero,swood@cole-powell.com,NA
142,Clayton Evans,lauren66@jackson-white.net,APAC
143,Steven Tucker,jenniferwatson@foley.biz,EMEA
144,Harold Lynch,dayalexandria@zhang.com,NA
145,Clayton Bryant,jamespeters@dean-snyder.com,APAC
146,Chad Hodges,medinakevin@gilbert.biz,LATAM
147,Stephanie Miller,gkemp@alvarado-curtis.com,NA
148,Nicholas Wilson,blevinsdaniel@owens-howard.com,NA
149,Nicole Simmons,wesley41@williams.org,EMEA
150,Cameron Fitzgerald,hbonilla@mcneil-martinez.com,EMEA
151,Ashley Huffman,michaelsalas@richards.com,NA
152,Olivia Parker,hchristensen@alexander.org,APAC
153,Abigail Hartman,frederick08@adams.com,LATAM
154,Carla Zavala,tiffanyhall@sanchez-farrell.com,EMEA
155,Gabriel Wilson,qholmes@torres-austin.net,NA
156,Roy Park,paulhernandez@wade-torres.com,LATAM
157,Duane Thompson,courtneyosborne@perez-moses.net,APAC
158,Laura Osborne,wmoore@harmon.com,LATAM
159,James Brown,cmccarty@wilson-russo.com,NA
160,Jennifer Todd,nicholsjonathan@snow.org,APAC
161,Michael Chen,david07@turner.com,EMEA
162,Kelly Floyd,rbrown@jones-johnson.info,EMEA
163,Steven Buchanan,michael49@edwards.com,EMEA
164,Karina Edwards,ylane@freeman-chang.com,EMEA
165,Lucas Hughes,kristenwhite@perry-ross.info,APAC
166,Carol Fischer,bramirez@henderson.com,NA
167,Michael Tanner,kwilson@griffin.biz,LATAM
168,Rebecca Martinez,lynnthomas@peck.com,LATAM
169,Lauren Hodge,williamsjessica@bennett-lynn.com,APAC
170,Erica Sanchez,rachelparker@hunt.com,EMEA
171,Stephanie Smith,rebecca80@pearson-patel.com,EMEA
172,Cynthia Hooper,barrymurillo@harrison.net,LATAM
173,Edward Potter,kennethpatel@parsons.biz,EMEA
174,Erin Mcdaniel,ewilson@reynolds.info,LATAM
175,Theresa Robles,melissa29@smith.com,NA
176,Marie Gilbert,lmartin@williams.com,LATAM
177,Kyle Ruiz,john27@white.com,NA
178,Vickie Sanchez,douglasevans@hull.com,LATAM
179,Steven Barton,joseph93@thomas-davis.com,EMEA
180,Jill Cantu,mallory09@zimmerman-ellis.net,LATAM
181,Heather Collins,gcosta@soto-schneider.biz,APAC
182,Theresa Stewart,galexander@gregory.biz,EMEA
183,Jason Simmons,estesmichelle@sexton-sanchez.com,APAC
184,Dr. Erica Coffey DVM,itaylor@lowe.biz,EMEA
185,Karen Ruiz,brianrowe@riley.biz,APAC
186,Phillip Torres,tabitha87@williams.biz,APAC
187,Nicole Lindsey,michelle36@fernandez.com,LATAM
188,Deanna Roberts,burtonjessica@ross.net,NA
189,Nathan Roberts,dawnsullivan@brennan.net,NA
190,Kimberly Moore,sanchezpamela@williams.com,EMEA
191,Joyce Nelson,michaelvincent@ford-miller.com,EMEA
192,Paige Rogers,conniewhite@lopez-torres.info,APAC
193,Kenneth Velasquez,yurebecca@roberson.biz,EMEA
194,Nicole Sanchez,christopherhanson@york-nichols.org,LATAM
195,Sandra Schultz,brenda68@fisher.com,APAC
196,David Becker,frusso@miller.info,EMEA
197,Sharon Duffy,lopezjennifer@shannon.com,NA
198,Jose Bradley,andersonveronica@graves.com,LATAM
199,Caitlin Haney,rodriguezjennifer@tapia.org,EMEA
200,Paul Stewart,toddgraves@lynn.com,APAC
201,Daniel Gonzalez,mariasantana@vasquez.com,APAC
202,Kevin Long,bennettcarolyn@drake.com,EMEA
203,Robert Miller,clarkronald@larsen-mcmahon.biz,NA
204,Charles Miller,michele84@watkins.com,EMEA
205,William Moody,floresmaureen@butler.com,NA
206,Jennifer Willis,kyleholmes@washington.com,NA
207,Jacqueline Reynolds,lydia19@diaz-bishop.com,APAC
208,Jason Stephens,ruizjames@rhodes.biz,LATAM
209,Mr. Alan Bryan,joshuavasquez@kemp.com,EMEA
210,Kenneth Mcclain,kcooley@alvarez.org,LATAM
211,Lee Carter,reginajohnson@smith.biz,EMEA
212,Monique Hopkins,xlopez@knight.com,LATAM
213,Heather Nguyen,graymeghan@brady-morgan.com,APAC
214,Virginia Garcia,frichmond@gardner.info,EMEA
215,Laura Yoder,hsanchez@ortiz.com,NA
216,Blake Webb,allenwilliams@perry-gonzalez.com,NA
217,Manuel Soto,miguelmontgomery@robinson.com,LATAM
218,Derrick Williams,qrush@george.net,EMEA
219,Kelly Whitney,zhart@hanson.net,LATAM
220,Adam Ramsey,davidwalker@marquez.com,LATAM
221,Robert Stevens,rebeccagould@cunningham.com,APAC
222,Carolyn Olson,bpearson@young.info,APAC
223,Emily Alexander,qmartin@hodge-owens.com,NA
224,Joel Hart,tfuller@blair-davis.com,EMEA
225,Ashley Taylor,keith85@meyer-miller.com,NA
226,Kim Oliver,robertvargas@winters-smith.com,LATAM
227,Ronald Lawrence,justinsmith@reynolds.biz,NA
228,Keith Kennedy,phernandez@shaw.info,NA
229,Dr. Clarence Peters,fduarte@hill.com,NA
230,Luis Harper,melissa17@gutierrez.com,LATAM
231,Steven Davis,eric06@hardin-mccarthy.com,NA
232,Jason Garcia,gdiaz@cruz.biz,LATAM
233,Amber Noble,kellypham@lopez.com,LATAM
234,Robert Jones,smithchristopher@butler.com,NA
235,Sandra Gomez,eford@harris.info,LATAM
236,Mario Nelson,lisanash@phillips-arias.biz,LATAM
237,Nicole Colon,lisa72@franklin-cook.com,NA
238,John Munoz,bowerscrystal@sellers.com,NA
239,Lisa Savage,millerjesse@king-porter.com,NA
240,Michael Johnson,emilyboyd@huber-hayes.org,NA
241,Ricardo Davis,azhang@hall.com,EMEA
242,Nicole Thomas,fergusonchristina@harris.info,NA
243,Susan Harris,wardtanya@cook.net,NA
244,Brandon Miller,bonniegarcia@schroeder.com,LATAM
245,Gregory Park,ginabradley@taylor.com,NA
246,Noah Randall,lindamartinez@short.com,NA
247,Pamela Ward,iwilson@howard.com,NA
248,Amanda Butler,andersonjeff@bishop.org,NA
249,William Hubbard,idavis@lewis.org,LATAM
250,John Kelley,wallerrandall@thomas.com,NA
251,Daniel Rodriguez,allison46@davis-morrison.com,APAC
252,Daniel Ferguson,lynnallison@barton-ellis.com,NA
253,John Garrett,pennyharper@lawson.net,NA
254,Dean Bishop,michaeljennifer@boyd.com,APAC
255,Brandi Rice,roberta28@rivera.info,LATAM
256,Jennifer Reyes,debramiller@cooper-schneider.com,NA
257,Robert Randall,victor62@wilson.com,APAC
258,David Bauer,crossjoshua@potter-morris.org,LATAM
259,Jennifer Chang,tbrown@thomas-gonzalez.org,EMEA
260,Nicholas Adkins,mjohnson@gross.com,EMEA
261,Kathryn Taylor,davisfrank@warner.biz,EMEA
262,Michael Perez,ryan64@clark.org,APAC
263,Anthony Baker,jeremy04@anderson-norman.com,APAC
264,Trevor Heath,chad41@hendricks.com,APAC
265,Daniel Smith,fsavage@chang.com,APAC
266,Kimberly Walker,longjustin@lee-palmer.com,NA
267,Mallory Wilson,mary18@griffin.biz,EMEA
268,Debra Smith,crystalowens@lee.com,LATAM
269,Andrew Figueroa,michael19@taylor-franco.com,LATAM
270,Charles Adams,andreabaldwin@floyd-johnson.biz,NA
271,Denise Johnson,millercarla@wolfe-davis.biz,NA
272,Tina Mitchell,tgreen@mosley.biz,NA
273,Vanessa Peters,michele18@oliver-garcia.com,EMEA
274,Janet Valdez,laura22@hawkins.com,EMEA
275,Tony Carr,hillriley@wong.com,APAC
276,Ronald Garza,zhangamy@bridges.com,EMEA
277,Christopher Swanson,rodriguezkatrina@higgins-johnston.com,NA
278,Jennifer Allen,stephen45@ross.com,NA
279,John Burton,jasmine76@murray.com,EMEA
280,Nancy Davis,stewartalicia@ross-lopez.com,APAC
281,Gregory Reese,judy28@williams.biz,NA
282,Calvin Hamilton,sanchezbarbara@smith.com,APAC
283,Stephanie Owens,farleyraymond@henderson.com,LATAM
284,Laurie Nelson,wagnermatthew@morris.net,LATAM
285,Wendy Wheeler,omiller@johnson.biz,NA
286,Zoe Campbell,karenlee@hardy.org,NA
287,Victoria Anthony,aknight@thornton-hall.com,NA
288,Paul Kane DDS,timothymayo@weeks-rosales.biz,APAC
289,Wendy Edwards,douglasprice@anthony.com,APAC
290,Janet Brown,lyonsvictoria@smith.org,NA
291,Jasmine Brewer,olee@page.info,NA
292,Alejandra Davidson,olsenalexander@bonilla.net,APAC
293,Tina Smith,todd02@hayes-dorsey.com,NA
294,Eric Powell,yconley@duffy.com,EMEA
295,George Martinez,gregorylewis@valencia.com,APAC
296,Erik Ward,craigjillian@pearson.com,LATAM
297,Jennifer Martin,christina12@griffin.net,LATAM
298,Alyssa Morris,christopher93@robinson.com,APAC
299,Todd Small,sabrina48@reid-moyer.com,EMEA
300,Jennifer Potts,bspence@hoffman-willis.com,EMEA
301,Joseph Medina,james86@morgan.net,EMEA
302,Frank Alvarez,moorenicholas@berry.com,APAC
303,Kristin Tate,tiffany64@williams-perry.com,NA
304,Sharon Moore,cohennicholas@jordan-perez.org,NA
305,Shawn Robinson,hartmanfelicia@ramirez-kelly.com,NA
306,Christopher Daniels,caitlyn07@turner.com,NA
307,Luke Lane,jstanley@rivera.net,EMEA
308,Doris Mcguire,thompsonkristine@lawrence.com,NA
309,David Atkins,kcook@williams.info,APAC
310,Patrick Grant,lisadean@benitez.com,APAC
311,Margaret Williams,mitchelllisa@clark-pham.org,EMEA
312,Justin Oconnor,wtrujillo@smith.org,LATAM
313,Sarah Rivera,ayoung@greer-hawkins.com,EMEA
314,Terry Pierce,jpayne@contreras-higgins.biz,NA
315,Steven Wright,matthew95@harmon-jordan.com,LATAM
316,Matthew Hall,tyoung@todd-guerrero.com,NA
317,Ms. Barbara Blankenship DVM,kathleenbest@fields.org,LATAM
318,Jessica Jones,shannon08@foster.com,LATAM
319,Joseph Mcintosh,hannahmoyer@anderson.com,NA
320,Benjamin Powell,mikemyers@miller.org,LATAM
321,Brian Wiley,kathryn76@gonzalez-stewart.com,LATAM
322,James Allen,ztucker@pratt.com,EMEA
323,Danielle Taylor,thompsoncynthia@young.com,LATAM
324,Erica Mosley,jessica21@cook.com,LATAM
325,Wayne Boyer,egardner@smith-morgan.com,APAC
326,Karen Perkins,williamsrose@hogan.biz,EMEA
327,Shannon Roberts,veronicadean@hayes.com,EMEA
328,Kimberly Mckenzie,melissajohns@hendricks.net,APAC
329,James Gutierrez,perrywilliam@weaver.org,EMEA
330,Brooke Green,connerjesse@brown-bryan.com,LATAM
331,Jeff Bennett,jenniferjohnson@miller.org,LATAM
332,Catherine Gould,timothypowell@manning-morris.com,APAC
333,Tonya Jones,echavez@mcdowell.com,NA
334,Michael Wall,villarrealkimberly@callahan-nichols.com,EMEA
335,Julian Ellis,shawrandy@bruce.info,EMEA
336,Tracey Shields,sandrabell@anderson.net,APAC
337,Amanda Hopkins,elizabeth66@rodriguez.info,APAC
338,Brian Diaz,michaelwalker@black.com,NA
339,Christopher Cohen,sherrybennett@ross.com,LATAM
340,David Bowman,ffowler@fischer-wallace.com,NA
341,Katrina Moore,dean30@powell.info,EMEA
342,Alyssa Jones,tim08@fisher.org,LATAM
343,Michael Hull,xcallahan@holden.com,APAC
344,Kenneth Duran,jasmineweber@pope-olson.com,EMEA
345,Nichole Clark,katie67@lawrence-morgan.com,LATAM
346,Matthew Johnson,stephanie63@harrington-jordan.com,NA
347,Dillon Daniels,karina11@diaz.info,NA
348,Derrick Perez,bradleyfisher@ferguson.info,APAC
349,Jason Williams,mollyheath@bradshaw.com,LATAM
350,Wendy Smith,jason04@flores.com,EMEA
351,Veronica Long,yhoward@robinson-meadows.com,APAC
352,Cynthia Reese,rickeygraham@johnston-mcdonald.biz,EMEA
353,Michael Jordan,keithwalker@harris.com,APAC
354,Darlene Mendez,beverlyfarley@chase-perez.com,NA
355,Jason Johnston,bankspaul@pena-brennan.org,NA
356,Daniel Jones,kevinaguirre@rollins.com,NA
357,Julie Gonzalez,keithchambers@lang.com,LATAM
358,Daniel Smith,ulyons@robbins.info,LATAM
359,Heather Phillips,susan79@williams-wright.com,NA
360,Mrs. Amy Jones,blackcory@richardson.net,EMEA
361,Kristin Wells,daniel60@lopez.org,NA
362,John Jenkins,jcarter@young.com,LATAM
363,Austin Flores,rbrown@ramirez-mccall.biz,EMEA
364,Andrew Hardin,walkerderrick@anderson.com,APAC
365,Robin Anderson,thomasdouglas@perry-nelson.com,LATAM
366,Shannon Blake,kellylong@brown.com,EMEA
367,Sheri Edwards,jacquelinemurray@fields.com,LATAM
368,Laurie Rodriguez,tonijimenez@gordon.info,LATAM
369,Sherry Acosta,sarahevans@woodard.com,NA
370,Misty Young,xjacobs@thomas-mclaughlin.com,EMEA
371,Richard Lang,williamsjennifer@hardin.net,NA
372,Noah Walsh,kimberlybrown@morgan.info,LATAM
373,Sean Davis,james59@martin.biz,LATAM
374,William Chambers,george63@williams.com,NA
375,Rachel Shelton,carolinemitchell@brown-sanchez.com,NA
376,Donna Gay,kelleyjennifer@gibson-anderson.com,APAC
377,Teresa Logan,opeters@williams.biz,LATAM
378,Andrew Reed,andersonluke@miller.com,APAC
379,Brian Williams,rita96@peck.com,NA
380,Philip Ingram,grantpowell@harmon.info,LATAM
381,Tina Sanders,lewissabrina@bolton.net,LATAM
382,Nicholas Chung,robertburns@lawson.org,LATAM
383,Mary Webb,galvanerik@sanchez-gomez.com,EMEA
384,Kara Santos,jeffreygonzalez@gonzalez-huang.com,EMEA
385,James Perez,yanderson@jimenez.org,NA
386,Amanda Solis,ovasquez@jackson.com,LATAM
387,Teresa Smith,juantodd@watts.com,APAC
388,Kathy Montgomery,gregorymatthew@ochoa.com,LATAM
389,Melissa Flowers,justin44@wyatt.com,LATAM
390,Michael Garrison,joseph86@tyler-leach.info,NA
391,Kristi Smith,carrie29@gross.com,APAC
392,Dean Taylor,ilambert@miller-garcia.com,NA
393,Laura Moore,zjackson@perez-hernandez.com,EMEA
394,William Jackson,jimenezshannon@mckinney.info,EMEA
395,Lisa Rodriguez,anthonyarnold@blake.com,LATAM
396,Abigail King,shannoncompton@lewis-hill.org,LATAM
397,Kaylee Wood,jessicaallen@roberts.com,NA
398,Mrs. Mindy Phillips,fnavarro@reynolds-kennedy.net,LATAM
399,Andrew Cruz,victor05@bowers.com,LATAM
400,Jessica Castillo,scott91@benson.com,NA
401,Christine Curtis,rbird@knight.biz,EMEA
402,Tina Martin,brianmoore@phillips.com,NA
403,Shane Scott,burnsian@lucero.org,EMEA
404,Emma Foster,irivera@miller.net,LATAM
405,Amber Smith,wendy12@ortiz-newton.info,NA
406,Teresa Melendez,cheyennecalderon@carson-lee.net,LATAM
407,John Fitzpatrick,charlesmyers@ramirez.com,EMEA
408,John Burton,danielfuentes@guzman.org,APAC
409,Beverly Maxwell,greenkimberly@cole-francis.com,NA
410,Taylor Davis,amandasingh@singleton-parker.info,APAC
411,Kimberly Aguilar,charles19@young-turner.com,LATAM
412,Melissa Davis,ghampton@jones-rivera.com,EMEA
413,Jason Knight,jennifermerritt@cruz-green.org,LATAM
414,Joshua Kidd,vfoster@thomas.com,EMEA
415,Gregory Edwards,josephmills@phillips.org,NA
416,James Greene,christian45@wood-mercado.com,LATAM
417,Christopher Carroll,jessicapena@thomas.com,EMEA
418,Jamie Ibarra,paulawright@wilson.com,EMEA
419,Robert Davis,lhicks@austin.org,NA
420,Tonya Molina,robert37@ayers-schroeder.com,EMEA
421,Sabrina Stewart,amanda13@garcia.info,EMEA
422,Michael Andrade,nelliott@morales.com,LATAM
423,Pamela Rodriguez,dedwards@hall.net,NA
424,Teresa Schroeder,kennethharmon@summers.biz,NA
425,Michael Hansen,patrick12@jackson.com,EMEA
426,Jessica Taylor,jefferymartin@blackwell.com,APAC
427,Joseph James,lancecarpenter@austin.net,NA
428,Lindsay Cooper,julieholmes@flores.net,APAC
429,Rebecca Elliott,matthewwilliams@young.org,EMEA
430,Lucas Cohen,hhayes@brown.com,EMEA
431,Brooke Hill,elliottnancy@garcia.com,EMEA
432,Christina Arias,tonya10@mitchell.com,LATAM
433,Julie Stuart,tiffanyparrish@thomas-howard.net,APAC
434,Lydia Garcia,savannah22@davis-hernandez.com,NA
435,Patricia Martin,jay80@curtis-davis.com,EMEA
436,Molly White,mcdanielveronica@munoz.com,NA
437,Sydney Goodwin,ntucker@adams-brown.com,NA
438,Edwin Lang,cohensuzanne@wilcox-reyes.com,NA
439,Linda Anderson,elaineyang@gonzalez-hamilton.biz,APAC
440,Belinda Perkins,bmoreno@trujillo.biz,EMEA
441,Elizabeth Wong,smithgregory@warren.org,NA
442,Matthew Jones,dbird@becker.com,APAC
443,Cody Rowe,robertsjohn@parker.com,EMEA
444,Eric Mendoza,kmorse@morgan-smith.com,NA
445,Elizabeth Martin,brian47@scott.com,LATAM
446,Terry Reed,sean09@gordon.biz,EMEA
447,Tony Atkinson,tschmidt@willis-nichols.net,EMEA
448,Sharon Russell,qpeters@taylor-brown.biz,NA
449,Tammy Smith,williamsoncindy@pacheco.com,LATAM
450,Vicki Jackson,michael63@clark.com,LATAM
451,Eric Morris,sperez@reynolds.info,APAC
452,Raymond Brown,sclark@shaw-hernandez.com,APAC
453,Brenda Juarez,ericnewton@walters.org,EMEA
454,Katherine Jordan,salazarelizabeth@hale.com,EMEA
455,Leslie Townsend,hooperjames@berry-sanchez.com,NA
456,Jonathan Adkins,christopherchen@olson.com,EMEA
457,Nicholas Burnett,cooperjulie@crawford-sanders.net,APAC
458,Jason Giles,johnsonanne@cohen.com,EMEA
459,Lisa Young,lauren03@williams.com,EMEA
460,James Smith,carrie58@tucker-hansen.biz,LATAM
461,Alexander Austin,parkerjulie@mills.com,EMEA
462,Anthony Martin,murphycody@diaz.com,LATAM
463,James Barry,chavezmarcus@carson-carter.org,NA
464,Jessica Palmer,daniel50@king.net,LATAM
465,Teresa Smith,ellisjohn@roberts.com,LATAM
466,Dennis Christensen,wrush@andrews.com,LATAM
467,Jennifer Miller,ksmith@stephens.com,EMEA
468,Jennifer Jones,jsellers@jacobs.org,NA
469,Richard Young,charlesevans@chavez-williams.biz,EMEA
470,Deborah Thomas,john85@white.com,LATAM
471,Pamela Brown,alvarezdanielle@johnson.org,EMEA
472,Timothy Carpenter MD,vgibbs@burns.biz,EMEA
473,Robert Gordon,daniellehayden@carlson-martinez.biz,EMEA
474,Donna Lopez,weaverangela@jacobson-morales.com,LATAM
475,Gary Cardenas,sosastephanie@byrd.net,NA
476,Jeffrey Brown,sandracontreras@martin.biz,NA
477,Elizabeth Williams,whughes@lopez-peck.net,LATAM
478,Todd Robinson,zhurst@evans.com,NA
479,Allison Dougherty,jaredlowery@hawkins.com,EMEA
480,Evan Gonzalez,harriskerry@gamble-harper.org,LATAM
481,Nathaniel Roberts,mbutler@navarro.com,APAC
482,Jeffery Christensen,zjones@king.com,EMEA
483,Karen Mayer,davidcollins@levy.com,NA
484,Kenneth Kelley,keithmatthew@harris.com,EMEA
485,Bruce Obrien DVM,gregorybrown@johnson.com,NA
486,Dustin Torres,ernest25@richards.info,EMEA
487,Kevin Casey,amber35@duran.biz,EMEA
488,Carrie Fisher,juandavis@jones.com,NA
489,Michelle Trevino,ericwoodard@rush-jordan.info,EMEA
490,Christina Gonzalez,reesedennis@hall-shelton.com,LATAM
491,Ronald Gutierrez,wardmatthew@hayden.com,APAC
492,Chad Newman,donnajohnson@chung.org,LATAM
493,Anna Anthony,royjones@ford.com,NA
494,Samuel Anderson,dustinrodriguez@beasley-williams.org,LATAM
495,Nicholas Owens,zbaker@moss-terry.com,APAC
496,Micheal Smith,christie71@snyder-conley.com,LATAM
497,Timothy Perez,hubbardpeter@brown.com,LATAM
498,Jessica Rosales,kevinramirez@thompson.com,APAC
499,Kevin Mueller,kyle22@garcia-chavez.com,EMEA
500,Christopher Delacruz,wendydavidson@hardy-hill.org,APAC
